Ticker,Mean Return,Volatility,Sharpe Ratio,Max Drawdown,30 Day Return,90 Day Return,Correlation with SPY
AACG,1.2778484949291122,3.216686222225846,0.3972561843613336,-0.9650349655013323,-0.15841581003185135,0.4166666501098215,0.0412410811568461
AAOI,0.48334460198991364,0.8607495205073145,0.5615392056274823,-0.9849412710490023,0.3753731962566431,3.081949246993312,0.29090131245895445
AAXJ,0.05683892417048017,0.20088974532903778,0.28293591630266424,-0.44516898907929303,-0.002876138643915671,0.010609770773061689,0.7275928110282033
ACB,0.16761671993172744,1.0155650759635189,0.16504773933142672,-0.9979380706654934,0.011904807858458266,-0.3111831527637853,0.23801841672875745
ACIW,0.1565374677967559,0.34501056273287983,0.45371789940806273,-0.5417633248442298,-0.04383866325252794,0.07965885753946966,0.5928633501424849
ADAM,0.0800696536152327,0.48163945347415416,0.16624396742765887,-0.8401253614180318,0.052580816060918245,-0.004370577520038332,0.3625810564632748
ADMA,0.27195447638272113,0.6829710932675318,0.39819324575160575,-0.9028520492480119,-0.09926476922885819,-0.020000021798270096,0.22464035118276135
ADTN,0.030043246324698167,0.4557700183086542,0.06591755735971302,-0.8199207704604948,0.07483869983303926,0.5746691840784341,0.39075598092932534
AEIS,0.2430393800307317,0.41041204880813764,0.5921838326543611,-0.622811772721992,0.057382053091426855,0.07673442580238166,0.653196193041757
AGIO,0.05207717402564203,0.5891720758475936,0.08839043152329117,-0.8736389885188934,-0.3889921651876025,-0.2809627995236387,0.3859997227601998
AKBA,0.22345297655519059,0.8479730479180122,0.263514243882897,-0.9872902898306901,0.06145252326778916,0.292516965427847,0.3064538884140956
AMCX,-0.056453174595002244,0.5096347048930059,-0.1107718411893754,-0.9139909543871494,0.07027022903029967,-0.04624282183223272,0.347087036976035
AMKR,0.26372612148169305,0.5099451455319578,0.5171656673122808,-0.6126004616683979,0.038635383000575674,-0.18450867520070946,0.5586825541344881
AMSC,0.40560925738461756,0.7781722825466891,0.5212332364977053,-0.8905522282001185,-0.18118353646152463,0.23273271897231518,0.3271124337092971
ANIP,0.12694104461697064,0.5142556116469205,0.24684425748984593,-0.7295936255108226,-0.022976369913164096,-0.08658297486504063,0.3791936507216041
ANIX,0.4666575604075969,1.015295822075145,0.4596271847684785,-0.9111111075789841,-0.24675324976916746,-0.26349210698287884,0.15461128713206856
ARDX,0.2555636110182394,0.8633644884270808,0.29600894459284227,-0.9814139948783799,0.020120801949947476,-0.16198346912026307,0.2511956375951122
ATYR,-0.09539553043034327,0.821109228089392,-0.1161788555857733,-0.9971561795617023,0.2461273394874599,0.9358288108707653,0.2080159230942267
AXGN,0.33546281099637754,0.6076066830194635,0.552105202874524,-0.9354203971993708,0.30379739672571326,0.3344128771820414,0.3510832821514979
AXSM,0.6450531777921766,0.9762095565061819,0.6607732668596261,-0.8664886474554976,-0.09187504268350322,-0.028699345453832015,0.18620637143185337
AZTA,0.26212000715467154,0.47490950648413954,0.5519367449500098,-0.7061437178689084,0.2045290778550244,0.04602512129819747,0.5437634909739422
BATRK,0.13734892418794825,0.31096008603538966,0.44169309939127327,-0.5494983130808846,-0.04517098545236098,-0.11619317365710591,0.457249165435528
BIIB,0.004645928837976527,0.42175672607762166,0.011015660333823517,-0.6922769909660973,-0.04419030615334796,-0.24788514331943945,0.3754130624686465
BLDP,0.22853495590441264,0.7030121933711257,0.32507964735082084,-0.9690168351080191,0.29687500291038305,-0.09782612146299074,0.3783723512816362
BLMN,0.06246453449384186,0.465300594080864,0.13424555070090075,-0.7980821617411585,-0.05785710430707758,-0.30947874640689277,0.49933692191492635
BUSE,0.10288258925604682,0.3119203859155316,0.3298360540112551,-0.5493319444334979,-0.10955787122029992,-0.08333379693180343,0.5621140816134121
CAAS,0.22507339783432434,0.8309430650767212,0.2708650054303579,-0.8279329522146545,-0.053117788250820364,0.09333330790201821,0.10191360160062823
CASH,0.27469718465063253,0.41185487550828687,0.6669756775651072,-0.6490066590956121,-0.07541686928875035,0.14515211374383186,0.4782190415090298
CASY,0.19444012345664605,0.27246150492857624,0.7136425511105398,-0.33408825006810366,-0.012879939447873245,0.07204960168130481,0.4495532704755659
CBSH,0.11766311886407362,0.26343479264981445,0.4466498812876397,-0.4116087421929693,-0.08246816895919895,0.05857216570813173,0.6237050889225855
CCOI,0.1751125859290663,0.31156392601144606,0.562043841759245,-0.39335120193780726,-0.01768031741974896,0.07774204024183073,0.43401653446347427
CCRN,0.19990928284266843,0.5779396627634318,0.34589991952931143,-0.7425196637138968,0.8511721784535524,0.2532781321093658,0.3150816238620851
CDXS,0.2802698266210525,0.6730413157593925,0.4164229149956776,-0.9640976533311129,0.22938140212241698,0.6448275255391507,0.3713574626926547
CDZI,0.10270064303036135,0.5947699121024422,0.17267289575447178,-0.9015673936535037,0.5662650342845206,0.6720257185426415,0.20366942334654822
CECO,0.20021297916166764,0.4987192290465114,0.4014543003373857,-0.7413276968524396,0.11139701082013609,0.1000727818708036,0.39833475364692084
CELH,0.775326136067461,0.7382964019636451,1.0501556475222256,-0.7330142577831966,0.026500401762253434,-0.33028225460721905,0.29479768597435235
CENT,0.23842519104307605,0.36578288682891497,0.6518216122959108,-0.49710725920600896,0.05092094153180571,0.004140782865927672,0.3626132123618274
CENX,0.2474442966902118,0.7433464285782092,0.3328788397672077,-0.8957169492538006,-0.1945181857927829,0.2940340491535123,0.4236434364176656
CEVA,0.16370152239744887,0.46573130085924574,0.3514934944149761,-0.782350573095076,0.16808585596841574,0.32008367115617165,0.529068798202054
CHEF,0.2644245896158061,0.6009981770046965,0.43997569332683645,-0.9126213631561175,0.20322024091873625,0.23609017064411786,0.4403767433207853
CHY,0.11162408814356026,0.23328953327347338,0.4784787666093406,-0.5040727271911076,0.03266438701204688,0.10112574929330109,0.635213799862248
CIBR,0.15355881398383084,0.23057331727172847,0.6659869225148165,-0.3388778973909332,0.03417544006661233,0.08617424715116084,0.7962667321030894
CLDX,0.0999998927346391,0.8163991761313414,0.12248896821345057,-0.9967484793106254,0.07303614761890809,-0.2837301209717531,0.22631662291388144
CLNE,0.18636170105079997,0.7290893482774855,0.2556088653483828,-0.8948393383859191,-0.05283022636448742,-0.18241040878070014,0.4140745042222482
CME,0.1666476702743258,0.24039187368468168,0.6932333764864074,-0.37356087500160245,0.06156597079722381,0.14685320293595372,0.5278963358746669
CMPR,0.13521609121804354,0.5310897989379507,0.25460118324329056,-0.8873510844619924,-0.0733850154160095,-0.207951421274846,0.4900089009211676
CNOB,0.10833400475659154,0.36962536690942527,0.2930913688700868,-0.6852082676867722,-0.15430040146063417,-0.021201003777676086,0.5150970786851906
CNVS,0.1445203914180385,1.2076877275157478,0.11966701997984325,-0.9978488371815792,0.1406250128056854,3.3452383444355274,0.14410861987377566
CPRX,0.43280221054139034,0.6719824126606994,0.6440677648507491,-0.9024390200846477,0.013106818095330874,0.006268132572319063,0.3343084266675192
CROX,0.368827703626591,0.5524452826689854,0.6676275736208711,-0.751843316149617,0.12016772496102601,-0.22898774699668445,0.4705694811005525
CRSP,0.3317055441680144,0.6462468182940841,0.513279964833911,-0.816130260110637,-0.1669841140666336,-0.17136840820312504,0.3892731401544247
CSQ,0.15433623275500385,0.22693373916657975,0.6800938164673433,-0.48206580399661003,0.01545537062894664,0.08517270602512483,0.838938674334248
CSTE,-0.1412324133615768,0.4772677844188594,-0.29591859742544135,-0.946264009476827,0.04166668614530922,-0.07608693736712702,0.32983860267305115
CTAS,0.2686685378781896,0.26216070501860783,1.024823830326211,-0.4837968883721122,-0.15102227456798922,-0.0669409438829951,0.7168666016951147
CTLP,0.36911571433006696,0.6030238854189061,0.612107950041898,-0.8267477341974723,0.0905963231262843,0.39647581626854955,0.3090030032367437
CVGW,0.03249849956270884,0.3913306672663285,0.08304613535588634,-0.7890221872114294,-0.05625467726804523,0.08945734670190797,0.2556237367516469
CWST,0.3747053696949509,0.3144626322193242,1.191573596679716,-0.34960088590670746,-0.006945147554848652,0.0053206418868765315,0.46804657491899415
DCOM,0.11423218731336914,0.3598975377692341,0.31740196952004346,-0.5738993015751588,-0.08783378898338212,0.33565107475328526,0.5251756896275305
DGII,0.213184871741797,0.43441730470685497,0.4907375222671074,-0.6573875807917335,-0.03756766351188001,0.06219256903382542,0.46377310947359607
DHC,0.008855694073003961,0.6148737791317472,0.014402458477752842,-0.9631096208315204,-0.08730171930836939,-0.2813755010199809,0.40286662550227714
DLPN,0.6050226387513038,1.6139422196186641,0.3748725520633918,-0.9942563481067984,-0.027272700672307915,-0.17692300638503322,0.06207112401692374
DRS,0.3968338874214646,0.6644086917719713,0.5972737749157264,-0.9034482841811501,-0.04181495782216049,0.15146123882006424,0.23355085756601043
EBAY,0.15113250128536002,0.29794545481738355,0.5072488901634429,-0.5357987024538926,0.01271668530701442,0.058948728804946615,0.527631307839986
EQIX,0.20235889578399302,0.267974244742096,0.7551430771966441,-0.4176800156843188,0.05072615387241397,0.15679743651732103,0.5571793693034214
ESGD,0.07577254608878473,0.1700710406964399,0.4455346764416599,-0.33697237650265416,-0.0052611529075135,-0.05487614328575241,0.847662133774669
EWZS,0.063113000930414,0.37099004024680626,0.17012047247529125,-0.6314616387379716,-0.17129603831532125,-0.2541012816585049,0.5078517255391187
EXEL,0.4260643596110281,0.5071458699957919,0.840121915248099,-0.571966137353986,-0.03338175618028005,0.2916989274678541,0.3414445351832095
FBNC,0.1679571709448807,0.34487656677353096,0.48700661954563185,-0.541300685708739,-0.03410388298079137,0.08277858026186746,0.5004970603813728
FFIC,0.0737330974754522,0.36091292027686045,0.20429608731904278,-0.6708903991442824,-0.17642885000366482,0.09247637012314192,0.46806845722425755
FFIV,0.10727459478799262,0.28739892874940587,0.37326024580115763,-0.5459331868259002,0.055000841486749996,0.2847800884375207,0.5912486298907508
FISV,0.20824592757797042,0.2513932238155793,0.82836730607639,-0.3784809074231565,-0.02607623766236966,0.21701526358092393,0.713818522688746
FIZZ,0.24388412698547446,0.4109334483887069,0.5934881376577102,-0.6959433485853731,-0.11491393944688233,-0.055346471138862374,0.2622593444698685
FLWS,0.1410239170046179,0.5251280061635889,0.2685515062030149,-0.8446141715647233,0.04743588160402634,-0.09322975929514898,0.3757664335784315
FTNT,0.3541339560840889,0.399515002137507,0.8864096571827892,-0.5119803507541162,0.0029724672798581153,0.2683582503213737,0.5381309360959147
FTSM,0.019885707580442582,0.01206739904692432,1.647886798399275,-0.04120279426535832,0.0059133715870485215,0.016964221619879094,0.20558239245027457
FV,0.12651278758568957,0.21187185335558958,0.5971193699493446,-0.34040059286845487,0.0018191659839688068,0.051730784088396486,0.8902952365280932
FWRD,0.04063858590902821,0.38325388472999455,0.10603567903208189,-0.8995700663715043,-0.0657589926900809,0.031010207546722235,0.462771699552452
GALT,0.2960063268111164,0.8914735534110724,0.3320416244301341,-0.9082969445669508,-0.5342960394456227,-0.44155844423926005,0.21865370024576528
GDC,1.423670794256433,4.054558539225755,0.3511284349413519,-0.997817543933266,-0.32499999361378795,-0.7561290341038858,0.027336316295746926
GDEN,0.32135760895769233,0.5329951977765035,0.6029277755189918,-0.8898601508988256,-0.040182899792814086,0.053317790991771696,0.5219661403313358
GDS,0.3609800513816545,0.7233177664583452,0.4990615025940232,-0.9562699854566109,0.08196726864537585,0.4576687939260655,0.3458995492479208
GGAL,0.34380122141566366,0.5811835726851424,0.5915535771722832,-0.9169990315225317,0.10712376315161531,0.8816425460249475,0.3651183835801618
GILD,0.06396263197321135,0.25683768234554066,0.24903912614800117,-0.45739779430660166,0.0536921917946136,0.2386944282912018,0.42538177114818926
GILT,0.13700053777840593,0.4278601297744804,0.32019935545435646,-0.8089201728899664,0.2226639838652722,0.3697105587682181,0.3498483539159923
GLNG,0.21604227261157172,0.6036298558568599,0.35790521379181467,-0.9009295751640333,0.2531915553422879,0.3276243235852876,0.41020779610480673
GLPG,0.13167649072487542,0.42777308062795455,0.3078185530786074,-0.9116884980814454,0.0261194321965299,0.10486141720987896,0.34620437390049036
GMAB,0.18882960573170962,0.3585267126718011,0.5266821105867392,-0.5890804606700977,0.013598867633340728,-0.22760916041225276,0.39079766484389455
GOGO,0.14835479753023212,0.6674271532393471,0.22227863641776405,-0.9395509505448213,0.07294432274767493,0.09918478340093606,0.28412091182932475
GREE,0.0704694521718703,1.1884596237985667,0.05929478020181714,-0.9991183017858755,-0.4194756898779797,-0.23645321469875225,0.15638790938342478
HAS,0.08739248220212582,0.32768996574169534,0.2666925793846668,-0.63842903223319,-0.0909669134355452,-0.15368216194201467,0.5081290433194905
HCSG,-0.006138132455466389,0.369929158432334,-0.016592724081222032,-0.8103335025042514,0.006932402423787343,0.10142177018763521,0.4309677535916297
HIMX,0.21487962543130318,0.6029561886794677,0.3563768470507125,-0.8671998253731033,0.5521235380666738,0.3696763577208608,0.3448249706058199
HNRG,0.24103219516665333,0.6742379924526022,0.35748830214962635,-0.9440291887848726,-0.10894945763763986,0.8770491784056551,0.2465231383796606
HOLX,0.13661164119862257,0.26628611289117127,0.5130257816127817,-0.4623971026450199,-0.08282445626730994,-0.09988763098763176,0.5331155299858233
HRTX,0.11883455845862946,0.7935746581928809,0.1497459088842859,-0.9871428566319603,0.2857141998492554,-0.18181819920407716,0.3144927719685946
HTHT,0.30243764612414265,0.5035084091270075,0.6006605662227466,-0.6401808479395998,-0.07763203625236015,0.13427193237245016,0.34431966469764475
HTO,0.10818466021532809,0.2976570931063157,0.36345399696787073,-0.3832247498533235,-0.10182476177644773,-0.14174628208764528,0.4394560549368161
HWC,0.16519089534475648,0.39597687301922807,0.41717308913830187,-0.7093215423491286,-0.057485361529508894,0.10079183800934088,0.6033425333067846
HYFT,87.55913930376484,276.65953236758656,0.3164869778910364,-0.9841269843616336,-0.07415728741802197,-0.5065868130966042,0.013035611712607628
HYLS,0.040555072601109465,0.0685843178261692,0.5913169932505354,-0.229924947400303,0.001944405952496897,0.01953473850785925,0.6041964068777312
IART,0.04971814083058011,0.3330822943901495,0.14926683785942618,-0.7788072377598392,-0.008741209044000664,0.11340203096571488,0.4676870794743674
IBIO,0.18690766278827226,1.5487936531734587,0.12067951234517316,-0.999814159300475,0.07456143790665148,0.21890550214333548,0.0510003762305253
IEI,0.011799782635810859,0.03924928290265375,0.3006368973689719,-0.14600369688765533,0.0027409142883230153,-0.012642315531724013,-0.13410753656723948
IFV,0.04813786459991875,0.2069464164981501,0.23261028344672524,-0.4888867227706039,-0.01061327003648127,-0.04980028953454585,0.7427443994772577
IGSB,0.02234185450914345,0.0338694318493827,0.6596465688735977,-0.1337615816295742,0.004912448054912311,0.008542086504622404,0.2630637473921177
III,0.09708675983839422,0.4522192852838185,0.2146895610112279,-0.6971962959811696,0.008963192856579427,0.03876737920064266,0.41516496899471816
IMUX,0.165247339569205,1.1993678707272735,0.13777869459601433,-0.9991751788035361,-0.056603722658898126,-0.3421052549024036,0.18407013567664482
INOD,0.544725014078302,0.782116528312176,0.6964755178538805,-0.7444146557333597,0.07537416211601822,1.2152466434834004,0.18845537945200022
INTU,0.25103458569647785,0.31387139880502873,0.7998007676144331,-0.49010054001008513,-0.08630993252892227,-0.0537160443032032,0.7477299782581613
INTZ,0.6548936855536827,1.7586883525618235,0.3723761999104165,-0.9993628318330883,3.5970146969926793,1.351145082625691,0.022443489861220765
IRDM,0.20494602801959902,0.4288433014602607,0.47790423057031384,-0.6288658356222522,0.02985201839028706,0.10860438667994377,0.48052645380439396
ITRI,0.18464068282882712,0.4212955089157516,0.43826881350817,-0.6526473130782448,-0.05500434822362277,0.08374088417210213,0.5322455034488699
JOYY,0.132391081933964,0.5811788346618155,0.22779749371121127,-0.8351571501729347,0.1415712033713441,0.22368408425008623,0.3300288715254364
KBWB,0.12121396931591619,0.29022396019844754,0.41765665809615876,-0.5026956980282,-0.05124204588159287,0.15931301492051952,0.7440325470825675
KDP,0.15016206175695337,0.22772025975914392,0.6594145901457226,-0.36872534742960256,0.014529223347004683,-0.0939708197365462,0.3864530483941291
KNDI,0.05050702989530297,0.8239861921930103,0.06129596633273707,-0.9397186900360517,-0.039999961853027344,-0.3142856870378766,0.2286621021087728
KOPN,0.2272603242515676,0.8117908097348093,0.2799493681454802,-0.9557522120003872,0.6385542670499269,0.34653468034323787,0.3340558035604617
LECO,0.15403149459084328,0.26612217389062065,0.5787999261352496,-0.3888549031936833,-0.0867545131925953,-0.033245688991957234,0.6642628384713511
LFUS,0.15376281892381694,0.3281234130196063,0.46861276221891907,-0.5417530274016341,-0.01968028337743144,-0.12224128452967475,0.6465583328965678
LGIH,0.30607016226509454,0.49801434718142645,0.6145810135738786,-0.6380381158150257,-0.1420345091729196,-0.16135081795913697,0.4980880385367927
LIND,0.19784733852520078,0.6000444578148993,0.329721133073497,-0.8315789448587521,-0.0960366036488074,0.33558552971076705,0.44262089630339413
LKFN,0.1590292698036959,0.30670062333709414,0.5185162914680714,-0.4734740277125422,-0.060912344014428355,0.10354701285257217,0.49078986896965177
LPLA,0.2939611185852545,0.3953459460288729,0.7435541493165733,-0.6529405948462006,0.039774697696699945,0.4902268188281471,0.5456097236126024
LQDT,0.28539180945416653,0.549023571344088,0.5198170431107114,-0.7277580066645202,0.2967872052294138,0.4969866190251,0.28833349620470033
LRCX,0.32177912876285586,0.41444431839476065,0.7764110025906046,-0.563931353836632,0.034287084266647394,-0.13042434436060468,0.6978803447760608
LRMR,-0.00020408049275693685,0.9211814548893358,-0.00022154212036482393,-0.9975165564067197,-0.4215246857311721,-0.4980544920348404,0.15553734790431475
MAR,0.190733507466331,0.3258212189102184,0.5853931432221685,-0.6126369500223884,0.0028288375148366462,0.2474059452802917,0.6076829908987299
MCHP,0.1836803963575844,0.37428350539623145,0.49075204680241785,-0.49683491314272454,-0.08137077416247263,-0.27619664843720027,0.7165132682741837
MDGL,0.5862324174712431,1.228152996790906,0.4773284916480562,-0.9372937302781417,0.06927029483018998,0.24083165679725438,0.1449644921860062
MESO,0.3625119367940275,0.9650147906561932,0.37565428043597726,-0.9565875801368073,0.9721114852879114,2.0793156711757566,0.2463159649714466
MFIC,0.11417896409729301,0.3045211852718965,0.3749458810077419,-0.6777337214016574,0.008463415463267232,0.04141525414441083,0.5198847067913138
MFIN,0.2067144057953592,0.604146086237839,0.3421596373860813,-0.861314488590858,-0.01469025164536697,0.2255106753324716,0.3296221956879013
MGEE,0.13136419419687542,0.2749182550659654,0.47783001592729873,-0.33911436368989406,-0.10008254241137204,0.10673637270108571,0.46053138184490255
MGNX,0.24514746543299507,1.1285416678373412,0.21722500145056994,-0.9429513164719966,-0.08963583731838531,-0.024024001663345507,0.2073512652917066
MITK,0.24177470662013517,0.48238761555364223,0.5012042159138919,-0.6504559291914026,0.25196846846025367,0.176532776909065,0.3278122787893931
MPAA,-0.010752303862285052,0.5086479144576126,-0.021138991346795505,-0.8906832274442873,0.08262107197748247,0.16923075455885672,0.36564882315631314
MSTR,0.525276080147722,0.6903016489985553,0.7609370206630077,-0.8926657953683135,-0.14980184850613476,1.1644122292907633,0.395048102958755
MVIS,0.5100223558044201,1.1117922581933593,0.45873889842801796,-0.9693645996209109,0.4719100717251501,0.4719100717251501,0.21804395734419532
NBTB,0.1350110066537549,0.2944016368087743,0.4585946196401414,-0.3788284200665757,-0.023828504322176758,0.0420156864622645,0.5311537304516829
NCMI,0.04441563428815154,0.8006281071887952,0.05547598677756381,-0.9884295093057245,0.0015081816959312544,-0.032069996637543396,0.26037738917863
NEO,0.2886460887796759,0.5480926006303433,0.5266374485765973,-0.8922845742449459,0.09574465319386105,0.017283874451254677,0.41634413166278156
NEOG,0.02362196069427972,0.35937543408614747,0.06573059384080548,-0.7767663149636997,-0.16849314889533828,-0.24361364981933065,0.5042593044731275
NFLX,0.3855779971665211,0.4363089318449947,0.8837270315233965,-0.759473182516135,0.08175153838368798,0.29371805282571395,0.4785787226732626
NTCT,0.007745343147079218,0.3423171863240725,0.02262621760318713,-0.6083869594399587,-0.009149165478281929,0.05813388246091766,0.509530654304488
NTGR,0.11083336624665151,0.4200020707808722,0.2638876661740952,-0.78375356263483,0.15403732006060866,0.7922829901853727,0.389284796563628
NVAX,0.43021130602315,1.1490089899952358,0.3744194429888088,-0.988247428885876,0.09836062476870633,-0.327759202658104,0.2132148900795542
NWSA,0.11435723006930242,0.299699860204183,0.38157251722236973,-0.5062720543504615,-0.037735776568906254,-0.007011695316656907,0.6221711789862048
OCFC,0.09545020065802652,0.32806654827155723,0.29094767863688914,-0.5900743998765802,-0.11664235907179155,0.10114982953124763,0.4815229192087683
OCUL,0.24914838111582724,0.8356051626404849,0.29816520080910763,-0.9519297457429804,-0.06768557815361154,-0.04474268873658305,0.277493899781589
OMER,0.3495560503002918,0.9724014182433148,0.35947710867367916,-0.9595354057210598,0.46370372065791376,1.3980583468147856,0.22655634912940117
ORLY,0.21812618125560526,0.26580246287388354,0.8206326566624048,-0.42003600046932227,-0.022721903112532194,0.051548697645592334,0.5096761229210868
ORMP,0.2615820541674856,0.7890891049666379,0.33149875282911817,-0.9425210065496984,0.08520178549351876,-0.020242929232321405,0.19295355027483702
OSBC,0.1919497533959624,0.3491358361781383,0.5497853084838434,-0.6007261880535072,-0.03683619643671521,0.11809116122104246,0.4755746354996752
OTLK,0.059775690857335466,1.1975181814717972,0.04991631173722037,-0.9983971402604604,-0.650646942883192,-0.7364016784401772,0.11204882426609365
PAHC,0.07143126208636674,0.4196936077877547,0.17019859430999623,-0.7961575155185096,-0.13709181656067304,0.11704238749194862,0.3790163929854978
PANW,0.2960903734116511,0.3858853866137976,0.767301337865859,-0.47983364938387846,-0.059638208197068776,0.041318536074931966,0.47877167854344826
PCTY,0.3002558742678886,0.43471684828502144,0.690692977399915,-0.5687653111904635,0.008493897525644334,0.3031292328758055,0.5544518768629632
PDBC,0.044448291924335144,0.1798224652057376,0.24717874862565797,-0.40795071635981517,0.03022466610519592,0.028663722090596755,0.3184789923010391
PEP,0.09428332013425984,0.1862932061188345,0.506101763443362,-0.2881709882499342,-0.033193973234758256,-0.12073236698929057,0.594649589876962
PGEN,0.0667176888892456,0.8876887428672837,0.0751588768307952,-0.9901611111436328,0.36585367626551024,0.0,0.3281084486009199
PHUN,1.1532600221284115,2.7454030571286108,0.4200694754578566,-0.9998132295645629,0.1672278110701575,0.5160349003087139,0.08036068974729459
PKW,0.11923868042797439,0.19518760940136498,0.610892672919537,-0.40925065073897804,-0.04100204149637843,0.05874845882479196,0.9200180471057213
PLAY,0.22656860015891336,0.6666894596691245,0.3398412812336324,-0.9317982587588538,-0.2320441509327542,-0.10978957855914506,0.418782737207287
PLCE,0.13868427326804816,0.8032453257558971,0.17265493968177006,-0.968199988822745,-0.25498575024451486,0.6816720885813212,0.2972942968782207
PNQI,0.1564888515196407,0.2501794221279144,0.62550648725869,-0.5970104237973062,0.01920971356335155,0.13683949820410946,0.809218992941173
PPCB,1.1913041022970376,3.6244885825761317,0.3286819851010014,-0.9999999999999877,-0.33333338183971994,-0.6000000291038586,0.07037659865735338
PPSI,0.5392924442885147,1.2863209255067771,0.4192518628864313,-0.8650047959007708,-0.11018505505379628,0.28158359783795484,0.08543103071688007
PRPL,0.02023410345587069,0.7664156573018502,0.026400952620284947,-0.985912643181326,-0.04761908920610103,-0.3217391412515047,0.283136500375285
PRQR,0.23369980988111083,0.9756305615314704,0.2395371968609375,-0.9775910361139178,-0.306282685424592,0.25000011246160003,0.17529317392204175
PSEC,0.08529659744474667,0.2662407665034728,0.32037391780733954,-0.4399133603961299,-0.005341111364255857,-0.1041902837900941,0.4655671061631294
PTC,0.21364825847301452,0.31907270819891287,0.6695911401479823,-0.5437423519255173,-0.03231408645416023,0.05086582748123858,0.6237891158118355
PTGX,0.5845541017447745,0.9490159246305415,0.6159581589448517,-0.8579190956349775,-0.061055755265506995,-0.068532824486086,0.22001050258937485
PZZA,0.05486294339224115,0.38021247786890117,0.14429548367204853,-0.6997435035540418,-0.12355948227970837,-0.08000962366559705,0.3370435607864457
QQQ,0.19228591549611454,0.21819565254145873,0.8812545678909842,-0.35118739132254767,0.0311827749836322,0.0798649603209689,0.9292757756634816
QQQX,0.12678674158298758,0.2081450178245975,0.6091269582528753,-0.3596156109957834,0.07342638534662638,0.1541479969004289,0.817362584447058
QRVO,0.0918864014596759,0.4288069688112406,0.21428383431922254,-0.6712438574654402,0.06584361613529133,-0.3667481652456519,0.6050225390543409
RAVE,0.22501315141198192,0.8592512277316342,0.2618712015180957,-0.9733246584595661,-0.07194246393597348,0.44134077021723006,0.16703827071917618
RBBN,-0.00316187559965648,0.5574160038178626,-0.005672380373007074,-0.9058227840858172,0.0694086722947751,0.2879256417482592,0.4148142513831287
RCAT,2.5670906226997654,2.7454320420504597,0.9350406724263706,-0.9998333333308498,1.734042745307872,3.0282132134713224,0.06063600745830928
REG,0.09484295507864363,0.2996261556385169,0.3165376362972351,-0.5702173681283075,0.013142214488863768,0.06454551135163333,0.5397150953318054
RGP,0.03334133478095475,0.3501230454674708,0.09522747848956553,-0.6052724102534477,0.022781702553271277,-0.12323986790320929,0.4587986175822127
RING,0.143621028212914,0.37210207884988206,0.38597211995382413,-0.5203623010265396,-0.022644113264324583,-0.1288000149570966,0.19776780609002267
ROP,0.15208998984600064,0.22727976756678794,0.6691752260847759,-0.3524815331564195,-0.051766805626904944,-0.04651213843019042,0.7208121523527782
ROST,0.17746450685782703,0.31611626471739557,0.5613899905355338,-0.5141371539363848,0.07773934302009655,-0.003422005052947541,0.5896881316451965
RRR,0.26046995302261516,0.5086467589079946,0.5120841693394721,-0.8938861112534989,-0.08586205463455365,-0.14830108725730207,0.5460271876754196
SABR,0.0257424664168301,0.6066062797626609,0.04243686106728408,-0.9287314391074375,-0.03183020853214713,0.2586206811503484,0.5041597949857419
SBAC,0.10416508051885512,0.2734032883028166,0.3809942490650797,-0.5079279992157665,-0.07820345392849526,-0.06251703114949458,0.5125772659831765
SBRA,0.09567211407267048,0.3732473470625342,0.2563236278184222,-0.7492587688841967,-0.047304720255294086,0.08970495551423419,0.4672827355144948
SIGI,0.17875481224664494,0.2774606064852789,0.644252942826783,-0.4839384955706407,-0.0547807129875304,0.05176165923805809,0.5497933367424164
SLNO,0.7904643816722334,1.9766841675239388,0.3998941230264396,-0.998640761874971,-0.13223935472995585,-0.07510283592138833,0.05396914012615496
SLP,0.252957264353934,0.44555512172427114,0.5677350613208189,-0.6900312437907944,-0.030587454088057187,-0.23547149836563008,0.35893694653352376
SLRC,0.12242338409089092,0.2890635436077539,0.42351720512017904,-0.6306122379238432,0.025091816874810657,0.10831339875833335,0.44055171802559584
SMCI,0.43122908335660526,0.6521672128384606,0.6612247210032914,-0.8484096025557223,0.6404736096552492,-0.49604840569781394,0.3708707213295377
SMH,0.27698626942372684,0.3056084179015791,0.9063437169879593,-0.45302636110769284,0.013725084029001522,0.003396294118195309,0.8088600316465545
SMMT,0.7862773564752097,1.4374301325432888,0.5470021385206565,-0.957499999552965,-0.025395967566947064,0.31989635422735874,0.05945972920510102
SMTC,0.18965843282835362,0.466712187070459,0.40637128852116544,-0.8540058634954572,0.40249434499223646,0.7521246405350173,0.5802585195528487
SNDX,0.26603926492960656,0.7284171239434459,0.3652292844096589,-0.7898423770575678,-0.1648767952783543,-0.349409425906826,0.27365412599442923
SNY,0.0719082904086429,0.23271311691626514,0.3089997304901251,-0.3352462651541437,0.005420024267823287,-0.1267426954728651,0.438191067149848
SPSC,0.25270490546445057,0.3540328736054123,0.7137893803220745,-0.4924986829624427,0.04190503034562698,-0.053451996751992636,0.537601095913469
SRTS,0.2978264596536742,0.7299836669689453,0.4079905799677902,-0.8750835022436827,-0.09424081188143407,0.020648947220246905,0.19321273346250364
SSNC,0.15171388222012583,0.2852254286493167,0.5319086833827054,-0.48855571863261915,0.03577323564910717,0.039233120960889156,0.6730741585201816
SSSS,0.15699614623101113,0.4365144179794386,0.3596585582618859,-0.7780635689950061,0.21991700202128928,0.46999992240731125,0.32152622381203616
STX,0.15490270810966486,0.39510585948398597,0.39205368483264225,-0.6897790276946582,-0.10165141286878687,-0.15202764300403182,0.5245647110697401
SYPR,0.33340069988995785,0.9438071533675082,0.35325087196084776,-0.7854545549912884,0.30882349460801484,0.15584416589722494,0.07831062912440984
TBBK,0.29348930037253224,0.5104784758445202,0.574929824194825,-0.7377289359886794,-0.04603946320701202,0.06258837805815043,0.4674515832485238
TFSL,0.06917342720121272,0.23815564747993392,0.2904547002482526,-0.42940034192754806,-0.10046489744199372,0.002521833171700072,0.5404193846247357
TOMZ,0.7578512920024985,1.3281905262908065,0.5705892919737385,-0.9718137244518126,0.3815789019632201,0.08247414571799006,-0.008640297233082645
TOUR,0.04910127094777403,0.7912842454245644,0.06205263308563497,-0.976856315443687,-0.009708738445564524,0.2408758559853721,0.20617146136493633
TOWN,0.15398010553543298,0.30395188261388967,0.5065936891433374,-0.5272119080691765,-0.025571242937359573,0.04954791822414273,0.5673864287252867
TROO,0.6310762142506235,1.4013635076543156,0.4503301326198767,-0.9509999990463256,-0.12765957986461252,-0.6554622044461256,0.041743201809786634
TRS,0.05378258975098234,0.3215030545589425,0.1672848484278464,-0.41313567283419816,-0.03719663949422314,0.02837626077711186,0.5058270812106496
TRUP,0.37928566151738896,0.6126509437112301,0.6190893287779923,-0.8733672232067903,-0.08642906944014539,0.06190794031893865,0.38229285217721787
TRVG,-0.11372313482349505,0.6471981620185432,-0.17571609670337215,-0.9714792213861405,0.3132530786697305,0.07920796403042596,0.258489523447139
TSEM,0.21512829422626173,0.3997149448407694,0.5382042803327264,-0.6228094539125693,0.15622893835389173,0.27657993232811884,0.47133378213981014
TTD,0.6655108694435237,0.6791167871882432,0.9799652754851602,-0.6426907953445653,-0.005247589831357091,0.13918775676274042,0.4861086909593977
TTEK,0.25595941635308517,0.30552965263758297,0.8377563818877585,-0.369786400606361,-0.03330323618441866,-0.149638169404265,0.6273739773574581
TTMI,0.2027753569883061,0.4048761031003964,0.500833107796496,-0.5618900855779463,0.06360118234301759,0.2582613067616817,0.5060363356359069
TXMD,-0.01371124953290681,1.4201330988199345,-0.009654904560917726,-0.9984363636103543,-0.38571426503512285,-0.5085714203970773,0.1674044962974572
TXRH,0.24720126112116111,0.35149225031248194,0.7032907863584344,-0.5804247290580492,-0.08579333356307484,0.07930482754100532,0.492790262528718
UBSI,0.09283975016258214,0.323685281782866,0.28682104311700135,-0.5240132681458795,-0.10253756413133963,0.043640344177767965,0.5854501326371505
UCTT,0.2863007477191185,0.5536612954494683,0.5171045006617203,-0.7933932059917831,0.05828670800958369,-0.044137192780454804,0.5206972822987687
UMBF,0.14233358535101043,0.33041736682214806,0.4307690806930967,-0.5024957177213903,-0.06802024853390687,0.15639341912467342,0.5691423018555712
USIG,0.024382902056916265,0.0679352772219786,0.35891370513209364,-0.21449455830180736,-0.002811582820023917,-0.013227403872663968,0.23690872372762503
VCEL,0.5220547814744014,0.7153826437188969,0.729756006883972,-0.7397139027577886,0.04630335987751111,0.15599999678762333,0.34620314667268137
VGIT,0.011305011701034854,0.04529428009208847,0.24959027228273564,-0.16053265459276217,0.0013842424409851173,-0.01697458578294031,-0.1575001907505626
VIGI,0.08573525337678657,0.15941332586003265,0.5378173556962449,-0.31006900258947223,-0.015320198862818213,-0.06385654386941353,0.8545694766471377
VNQI,0.023278926404984964,0.16316582959386483,0.14267035238277775,-0.3834675055466425,-0.017116015521528305,-0.04418647491838734,0.723798941610363
VONG,0.17485240162813787,0.20094213965734795,0.8701629331025388,-0.3271732678596644,0.03684787501997788,0.10644020174486557,0.9586009824678146
VONV,0.0957416117698035,0.17347609970988312,0.5519008781608491,-0.38206017874864473,-0.03569997048738649,0.018732089248729933,0.9366921565106081
VRDN,0.36233615911202577,1.4276117006788742,0.25380582054610756,-0.9938107414928543,-0.04816282734611477,0.24967404730174825,0.10062986446635001
VRSK,0.1764706303845529,0.22899060540498303,0.7706457217860727,-0.3087605340233846,-0.017781357832566624,0.023253668929120064,0.6452417750305738
VRSN,0.1616696055947399,0.25633568650083016,0.630694882174419,-0.3884656072838628,0.14418405424634462,0.1493307832662314,0.6707131296048329
VSTM,0.1812028182348108,0.985566463807668,0.1838565179407041,-0.984848484201636,0.2957393643951909,1.15416661285692,0.26296146993593555
VTGN,0.8414473326999847,2.4835524939393188,0.33880795141370745,-0.9966060607120244,0.12167297312487868,-0.19178082997097834,0.09257540836007444
VUZI,0.3597691459713596,0.8676460374724672,0.4146496732923489,-0.9721949613239358,3.329670267769602,3.4269664275828333,0.3007189034071016
VWOB,0.0329609828838744,0.0923808328458931,0.35679460628871906,-0.2697415738811,-0.00497030189828207,-0.003175809880884839,0.5566742361390183
VYGR,0.1676461399592669,0.7777749285012507,0.21554582671148328,-0.9211114637259262,0.005319186262151998,-0.14992503576636096,0.30646621355749143
WB,0.11959692029717063,0.541091890240848,0.22102885379401319,-0.9402446418315481,0.1437125171924567,0.22908623279040552,0.34729335583283555
WEN,0.14769924381989621,0.35429169137017485,0.41688599370956037,-0.6860939121425293,-0.08802360354617977,0.0019616551225278833,0.44291945991654635
WING,0.3613477350428616,0.430789674283085,0.8388031482978605,-0.6113432441961472,-0.10256410007922412,-0.2584604955066736,0.4349161267663227
WVE,0.3662532242078736,0.8866474835073955,0.41307648306748806,-0.9777173912667898,-0.0950987698229262,1.2409420159966773,0.2296219058577199
XNCR,0.1699872356123785,0.524090362415622,0.32434718858190464,-0.7086117390863238,-0.0039011770168372317,0.37852426137152206,0.4175665835293749
ZUMZ,0.06380855519776973,0.514334273441874,0.12406047679997914,-0.7561779345708556,-0.09618100406577323,-0.31043163300745114,0.37485155079138865
